Price,Marketing,Age,Units_Sold
43.708610696262625,1740.5317153544786,4,2178.513241999822
95.56428757689245,3167.6037895134327,3,4878.855347617798
75.87945476302646,4491.783343505633,3,3956.342128626777
63.8792635777333,3928.899545638245,3,3304.8871902313394
24.041677639819287,4226.2445914457985,4,1283.5291905478878
24.03950683025824,3635.1334668428694,2,1316.16835067238
15.227525095137953,3769.1062580714097,4,820.0861536428341
87.95585311974416,4396.782606261277,2,4614.320291143626
64.1003510568888,1998.6720354367437,4,3214.6289907303203
73.7265320016441,2957.699854572562,4,3567.1921610776194
11.85260448662222,1884.837767278409,2,659.6671515215195
97.29188669457949,4950.672031986588,3,5031.864746064242
84.91983767203796,4776.2373587464535,2,4423.8683137169255
29.110519961044854,1157.7072454740237,1,1463.9854376714998
26.364247048639054,3822.300690062754,1,1535.533022934391
26.506405886809045,4700.993269662664,2,1547.7462809297283
37.381801866358394,1722.3013805093342,4,1796.561278952206
57.228078846901404,3271.780922210518,1,3015.345602811823
48.87505167779042,4661.953190352167,1,2598.267406680065
36.21062261782377,1135.7839143431954,4,1678.339418368902
65.06676052501416,3789.6810689873596,4,3291.4862184705776
22.554447458683764,2189.396029490203,3,1190.3118480278363
36.29301836816963,4697.5847815061215,4,1977.186409752592
42.97256589643225,4884.232980661471,2,2358.494214859551
51.046298579533236,4777.065956453735,2,2767.423016141748
80.66583652537122,2896.856866629855,3,4113.943583955802
27.970640394252378,4448.170603957254,1,1558.866470149334
56.28109945722505,4378.197594140282,1,3024.5609798019636
63.31731119758382,2276.4018929730228,4,3199.7061307892263
14.180537144799796,4315.661896602709,2,902.524518560804
64.67903667112945,1148.0305388619704,1,3320.7990290733032
25.347171131856236,3385.0795139282122,3,1382.0277246492756
15.854643368675156,1920.0353491508122,3,816.3063462683775
95.39969835279999,1482.2675431091152,2,4837.605806711276
96.90688297671034,1307.8128065168366,3,4819.408726198905
82.7557613304815,3785.155103512559,3,4192.952089138317
37.41523922560336,2359.499855072265,2,1920.5836058365928
18.79049026057455,3899.0670861150456,4,977.2327350941572
71.58097238609412,1261.4253631957695,4,3488.3609737157753
49.61372443656412,2261.161351322441,3,2496.5183558585522
20.983441136030095,3157.965169501349,4,1047.4493192265743
54.56592191001432,4162.8926593558535,4,2801.042651986557
13.094966900369656,2275.0100117282796,3,583.8181122572074
91.83883618709038,3503.5655057480362,4,4657.784770010568
33.290198344001524,4543.910992944749,3,1801.7657406154249
69.62700559185838,3463.4527527292184,1,3583.6684856759703
38.053996848046985,1931.8378990145352,2,1972.2540207746963
56.80612190600297,1097.6031262261522,2,2882.064758492784
59.203925140895166,4480.39549560372,4,2983.838038606495
26.636900997297435,1085.0776434015486,4,1227.9626931066387
97.26261649881027,4498.8066907367975,4,4929.614041987989
79.76195410250031,3115.748536108848,2,4036.8899768750143
94.55490474077702,4756.270794051585,1,4977.0325188380175
90.5344615384884,4195.132943094662,1,4696.788417140513
63.810998092997664,4991.73644213335,2,3366.91098469102
92.96868115208052,2402.847261806841,1,4638.38330247403
17.964325184672756,4068.7531557245075,2,1073.4248185303243
27.638457617723066,2607.723654436969,1,1420.346143865328
14.070456001948425,2919.5024812156353,3,762.4945556715195
39.27972976869379,3510.0218528734804,3,2063.356427976273
44.98095607205338,4494.708456745355,2,2481.816156231869
34.42141285965063,4936.33387679718,1,1872.446316866435
84.58637582367363,4073.0936554580726,4,4161.997866165544
42.10779940242303,2671.067128669335,1,2218.1358037923032
35.28410587186427,2685.428009108281,3,1898.5022531241705
58.84264748424236,3950.329206355566,3,3111.596152176868
22.683180247728636,1955.1085830732095,1,1212.3974123038238
82.19772826786357,1441.8964525255788,1,4127.399426737855
16.709557931179376,2418.488630563106,4,876.7584579189895
98.81982429404655,2148.955966616327,4,4879.7617030479205
79.50202923669917,2185.2324818239604,1,4078.1809743939675
27.884411338075516,1934.4310041996398,1,1486.215625072089
10.496990541124216,1168.3727585454476,1,606.2786603584271
83.39152856093507,1071.4957389336553,1,4331.134216938991
73.61716094628554,4950.889558944126,2,3888.0233236204217
75.61064512368885,2711.092534943449,1,3860.63870164624
79.41433120173512,2537.3065886387267,4,3976.3031739090925
16.664018656068134,3718.5891307722795,3,840.6765940975647
42.261915568984534,1873.0155514602566,2,2112.0108994677867
20.428215357261674,4799.844735800902,1,1210.9388827474736
87.67930832880342,4145.380057662209,3,4475.0299994265515
66.09683141448022,1357.644009249038,2,3320.3415147881487
39.78082223673843,2670.3231031397136,3,1991.4362703747975
15.720251525742128,4516.473230248659,1,1037.887771165763
37.9884089544096,4778.928089165642,1,2108.377205424672
39.266498982407235,2869.606044999479,4,1986.340235313405
75.66455605042577,3453.645556842831,1,3909.515344537784
67.38017242196918,1668.1357843683008,1,3430.174944509823
89.84914683186939,4964.674504547906,2,4721.945980054246
52.49934326457544,1926.6868055337736,4,2557.9449927199153
20.763482134447152,4770.927096540503,2,1183.8146370956201
74.19203085006956,3598.586595969474,3,3784.3445708631184
78.47065437552077,3430.9471795154363,1,3997.786531578149
60.51494778125466,3050.7540440660346,3,3047.3221982799596
79.38704619591049,1922.6792468710346,2,3981.6752284618433
54.44160367279517,1706.1121280220332,1,2821.1052490764964
57.045954644379464,1881.9448362807016,1,2929.5230404831045
48.47869165226947,1745.753048577018,2,2460.9017306107016
12.287721406968567,4118.337894267013,2,802.8478631701776
19.7102284293974,2400.5010366669203,2,1038.6678838832463
12.828626711806082,1231.3707062535855,2,662.5231133994279
67.27693701374024,4876.410520563246,2,3542.5062890685494
38.2920382968694,4535.143539853703,1,2124.6272093061366
55.77136220482325,4711.009132780851,2,2934.9806339996258
91.68098265334837,4979.631290585741,1,4681.089839282884
32.43630062339874,1695.580996877949,1,1669.8801229045193
46.93446307320668,2584.968075610635,2,2487.108964245863
77.99960246887439,4032.9539028163654,2,4087.9385886966174
30.59183489424602,3784.0824722151688,4,1647.065742552618
16.92819188459137,1615.5836253594202,1,958.9953115878504
36.077630762239124,4263.332499962471,2,1961.4810426581516
24.5099158528604,1897.7622873466426,2,1270.2496923806318
93.67278871083158,1895.2704592904925,2,4687.520363734387
82.73083416079753,3147.8976915736544,4,4158.132949817206
67.00633808593811,3371.7597393668125,4,3429.6934487538038
88.43145311689459,3320.344831351245,3,4557.784119270733
82.33048692092031,1365.9473495910195,1,4147.849399741516
26.791305299743225,4509.843450521521,3,1452.5479742706668
90.330309864098,2062.4001703548242,2,4559.6618996654715
58.540801772408564,1518.0596851312166,4,2913.003410323445
82.66961396476563,4554.9923194759085,4,4169.0375734054005
90.64821699311439,4822.605992919013,3,4568.732101644808
38.62031274746775,4448.510469061803,4,2005.9143183518986
19.90467320749091,4238.064298899512,2,1086.1012540238132
30.51416462877475,3620.9679225560867,4,1561.3496176841763
48.43970097636307,3203.429482436557,3,2484.7675069991083
83.62132893302439,1347.9470396456404,2,4165.80137818235
87.46575249307091,2633.8128522827947,3,4487.601643991222
10.625691747807164,2490.7540680492557,4,552.1595290229369
55.967257231980916,2039.0151350413048,3,2825.3373363316528
47.56699028339011,3893.6804547543397,3,2514.143894109393
29.98970294236572,2983.502940315083,1,1561.7186382450018
20.787883060031454,1324.1848636305917,4,1037.5589855541157
40.385365426326516,1880.7328077992454,4,1989.5166973795153
94.86187335212672,3733.035054638384,3,4873.269451200315
39.088263881867974,1304.5234379612007,1,1936.046504339451
56.691155956902946,4404.827656195075,4,2857.111242354098
73.27170630056601,2980.586108055897,2,3793.509103332347
42.726664214136456,2922.346309306592,3,2211.271002477028
97.46038744488646,3369.6311386380703,4,4876.3983514583515
96.62025654479001,4298.723863700597,2,4942.465866360795
32.66040662428277,2391.2368316087723,4,1688.8539120153157
54.75236553031469,3712.0646102362543,2,2803.750912384181
37.07904788350927,3262.927855983164,3,2009.23243463742
35.63564449397208,2068.1130806776855,4,1720.156842000095
13.319825261907951,4514.519945420632,4,803.6368566468483
64.86079005819072,4189.704086427712,1,3406.093783443472
55.24111209059753,3633.807338633702,3,2883.905343015679
14.633087612499041,4402.326916376967,2,864.5650263380908
35.07818178129503,4469.176803839209,4,1849.2282839530972
91.74392973699884,3833.451906860139,4,4660.915040962735
31.560570160027517,4348.053313454688,2,1685.3218008850367
23.04053848821008,3789.8858466771344,3,1288.5624340153668
54.05074842498067,3720.5630870412015,1,2832.904897277514
98.70854086995406,3474.4455128607374,1,5067.719323373739
31.784974436035036,4010.866558230565,4,1620.0745809828543
70.49219926652907,1634.420421172295,2,3418.2143014453027
78.54576537958458,4523.483036795714,4,4023.911032689006
31.38737895931597,4487.374110980928,2,1854.3684245954905
75.53947137506736,1116.9891321382365,1,3842.0532397551815
43.10048194473279,4303.26700225905,3,2279.2244283628725
66.90752475342215,1515.4794698937808,2,3348.0056697053833
67.01767396848052,2340.4754170365677,1,3439.0307639164566
58.21972156672826,3974.033025166431,4,3017.0436853534948
18.12607930489675,1643.0395841932327,2,869.4153036890568
85.17722460303142,4271.868096476249,3,4438.170719708827
38.870205847456226,4328.536711830968,4,2075.706193736422
26.786665935986882,3029.8709350433446,4,1406.736129836908
13.669762739928753,1025.5434868673344,1,726.6890982802908
63.18036488694176,2148.152532699651,2,3207.40670386677
70.98079256580542,3467.7076735029686,4,3636.06807376376
11.492904603507053,4924.744712109694,3,760.4731724679062
56.088375246935286,3527.2541080666733,2,2903.0794322030465
30.384619767814417,2039.2143242566392,3,1502.5116159587078
68.06555113685049,3536.0228123984452,4,3465.171512225546
25.69297861044923,3159.941518863422,3,1430.097014040392
72.18439642922193,4119.381580604575,1,3723.2335467086305
44.806181167048365,1427.9225553078336,3,2148.328922830188
94.30569898630611,4044.111610008112,2,4865.7285718775365
22.376884973139394,3165.066314704441,3,1189.6419494849927
40.695971594523265,4851.9680154359785,3,2196.064063716483
20.212616911653015,2367.4886641547446,1,1111.202938685813
93.22242564507064,3530.4875725357924,3,4736.485548148582
88.9605418042883,4728.11242204007,3,4668.925883246522
33.21474649436401,1410.038911962717,4,1531.1940713925103
69.39856414307611,4748.913948945805,4,3545.9490533620838
83.54999801810942,3751.5428892032533,2,4299.914307358181
59.96807304395161,1271.3482364206875,4,2859.8116234609065
57.66855205204058,2203.8542677872647,4,2864.8275957697883
31.76670618104065,3832.6883545811265,4,1743.0432350674898
18.379249102530927,1269.4024058750867,4,863.4768998350988
90.74941821579941,3328.6818407050932,1,4685.440048111159
91.03762514469975,2383.532227811827,4,4488.04963036695
66.97913115459411,3483.6620710699085,1,3462.3215908812276
40.51268119438306,1182.9681352500513,1,2036.022647465459
41.428861715139476,4486.147224609505,4,2159.864692149637
75.33601109832155,4893.955876709588,3,3985.580538501745
90.73992339573194,4875.511421142766,1,4778.656293879991
89.83777818386056,3998.607326971699,3,4546.2463776947625
80.18879912718614,1520.3449605225278,3,4007.7824433070336
67.78284815388591,4033.0527837160903,4,3495.7061343049395
17.572596849554394,1098.347665835206,2,930.5546776955433
24.54658426851524,1088.494206115989,4,1240.78095805998
90.86987696743714,2294.4408765981652,2,4547.461182610372
64.57861536936309,2954.572761618663,2,3276.1165309885705
10.827734645496669,4081.629671231173,4,562.5893228906613
19.132438857942887,3733.181506426021,4,1011.5800252630962
69.71515921972502,2783.610825506993,2,3588.256420983918
10.455542546159682,2094.5066651266634,4,556.8691863937723
24.472724627574877,4988.498000630845,2,1409.26358022816
59.38604104299275,2704.7252089438916,3,2998.5459364340895
72.27056779234239,2805.548097318702,4,3641.393694095492
68.67651335523405,1654.4952847666768,3,3384.793286918535
30.18423785145038,4179.238194999718,1,1792.6507384072434
74.09612992127823,3774.7289031259547,3,3723.1598898643065
31.352417874712007,1883.0784511550414,3,1581.0118452381387
39.285972834334096,1329.5241824633708,2,2071.955161801355
77.18422646062217,3721.9972082988525,3,3955.651175674051
68.46696091424931,3618.044857124541,4,3474.748336818618
86.43010694447601,2093.0381079928375,2,4348.284981482921
69.18516030703091,4803.454249001641,1,3660.411143713507
61.147774300192445,1604.231567123601,4,3086.2427170996284
18.430729104528325,2729.3392041704074,1,917.4103198684613
43.09442227534902,4774.463680670396,3,2380.115982865787
33.86821309135529,2678.909267704489,4,1636.1582603304817
31.95906790411752,3554.103790656342,4,1642.3259682769724
97.57094992772011,2590.3775918511774,1,4956.604154963631
45.378795220008435,2096.86080939468,4,2283.210464958692
90.2841899659402,4935.9105918393125,4,4561.098810294789
66.80247633975367,2637.3360252601724,4,3375.099251554789
81.53301731874836,4576.396814716538,3,4316.686187837588
55.23733837946729,1919.8184235643448,1,2759.6991399219414
61.92134961637232,1852.418816100333,4,3078.1737300041523
54.32659244369775,1124.5363315380455,2,2679.4573298719592
27.571868901824004,3606.6673015035403,2,1520.221170476029
75.02069037353547,2474.1053748950444,2,3815.6971762923135
35.26951261967702,4457.432999358549,2,1894.2729354995631
12.188436978830845,2892.8396267662283,3,688.4574445234074
68.09250663164511,4872.773711658887,4,3618.481422654537
25.939961146634403,1742.1020628124847,1,1344.5579708859793
94.64127259176229,4474.492671822443,4,4871.776160286646
95.85357193023286,4106.387411166967,3,4843.334319176433
92.33779511984037,4083.687378576208,2,4713.2523060799285
43.31428302299,4379.13291246755,3,2318.291110666896
11.391095487598069,4044.0959637719957,4,725.9653739953014
93.54867063289528,3504.8812865256614,1,4840.458263410331
48.53657334855829,1524.9795107295504,3,2397.424741438235
96.99893371393026,1130.1047179650077,1,4876.416491865931
96.72579793803276,4683.391391262747,3,4917.939079766289
86.7708509920624,3466.601258082952,1,4512.098378825036
36.50040028626271,4186.149163904705,1,2048.4441256245414
44.658795574173276,2926.0894060502005,2,2296.6397323695196
86.60230043651713,1469.2327558495779,1,4350.07455223036
38.522980464064986,1500.7431688102017,2,1954.4800931263617
25.254347201748324,3742.2611489158853,4,1307.9944307311807
60.11211362125152,2721.223579597851,4,3018.3602293111776
94.25392967447029,1802.0989068013469,2,4847.787518521908
72.64268170074757,2966.378186965748,2,3708.101709348366
61.30550530804285,1256.8357483005364,3,3020.2000452161083
18.74588443936917,3327.8856076575953,3,981.3114120695802
65.35065040292528,2075.9736177403906,3,3318.540799608281
99.10484650938369,4190.236402548753,4,5035.692936935717
22.60756137128716,2241.447835694295,3,1119.9818084330013
56.64966871273631,2820.880596327205,1,3009.5926670668264
88.96357647351599,1046.4821596324025,1,4541.483081883101
76.6691755978784,1289.7875511782354,3,3777.9269791658962
72.73141668957412,2569.974225626739,1,3641.742548192012
73.22356755883983,2919.7553388684937,4,3737.5418293772623
42.35420360977797,3400.082192477215,1,2223.482798824759
36.4232659838044,2166.650314837213,4,1849.027094890219
82.84250399306623,3779.9275445061703,2,4172.616385993028
82.91020552112627,4440.489588756818,2,4352.16462240912
88.03650867220934,4119.4039555734,2,4487.237034925097
92.19164973008242,1158.4753013934287,2,4644.0444575271185
56.020815897484404,2922.0277890313155,1,2917.8558377176078
55.136466521847964,1419.7207136726995,3,2690.1123908062004
81.84656610700976,1968.1800634501099,1,4140.385492876655
68.49675376999886,4946.650373068585,4,3586.486130001207
73.17701895319331,1569.9821716060528,1,3712.64477889573
81.6213402492491,2995.5526138054242,1,4230.06529217635
90.10048076358096,3472.6229372724765,4,4657.477214268447
40.41956411663823,3809.859882176416,2,2073.25911935518
43.802465737594964,3238.5947339476566,2,2372.9136523255625
18.45837458567821,1039.0833896767347,2,920.0906956439079
62.045212689655656,2305.8452329759675,3,3082.6136937154247
13.234804641706788,3070.846573538846,4,628.7668794753322
51.90382163192142,1351.4659965793335,4,2533.308361886186
58.838017123681894,2402.5077248367234,1,3078.1087480221536
35.7887126915456,1132.8124351654662,3,1749.6988003166764
63.174993451210966,1314.313988620083,2,3240.0231185039197
12.745022494514448,2587.6931048063843,3,604.0769954634637
13.361336987429297,1530.8630161722413,4,624.0055527877741
84.03405045936924,3270.1633930462326,4,4182.591020400118
42.41715772701366,3757.859876549063,1,2296.9324743093844
21.435446138669633,4202.346796436332,1,1296.2340162601631
57.001893404932396,1800.6009769792404,4,2799.0866294115294
79.29941977887498,1669.930329036279,2,3858.2568125642065
29.423892474715885,1418.271361337601,2,1492.055599142499
66.06014282371002,3545.720998174547,3,3412.1301186809037
17.68127184943912,3825.9029059476047,4,975.573475517421
14.651354905174692,1126.344579302568,4,730.6740838149707
57.82191684113332,4744.848984974759,2,3014.785607322952
58.657160944909585,1207.8851346058896,2,2967.2631092482957
67.3686911348386,3165.185341204282,4,3466.319199426043
75.34822003503955,3836.242077803666,1,3840.2937264418347
97.82668715162812,4483.876494984343,4,5011.510773626572
56.46703134710758,3856.3477285297113,4,2870.959962231481
39.06608256471213,4206.9123322791675,2,2099.573611194483
81.56675752918333,2357.800770171224,2,4153.611739144645
34.374902613586684,4259.300454986049,1,1877.348725222959
49.507427863507246,1320.4593855387006,1,2477.6089584942165
17.061074320803936,4579.266624242111,3,993.7246681267035
12.281566907391177,3190.369504614945,4,599.234523657166
96.63835732101326,4269.191079849975,2,4931.086163598902
85.23821084609853,2809.2731380732002,1,4406.342863356411
72.63767854843282,3574.3107807860997,3,3663.159764703013
46.80576499728429,3105.610643744453,3,2438.884407096898
25.596488806376122,3926.3580870213273,2,1439.27190931257
24.079333840397744,1326.5199281223584,2,1124.002351986475
32.52186083481358,1241.4083359622553,3,1564.285225922009
59.43039982355084,1988.412936040586,1,3100.64610813194
74.31363304300561,1638.1787204527534,3,3658.5323116159343
69.41776390459582,4487.1342663688065,4,3552.0246954327613
35.19405072513486,1876.855949432177,4,1756.6483783909466
95.93787525968747,4903.461023276525,2,5021.23633961233
76.41072250261917,2347.5831670844273,1,3895.3383391829548
59.891864726026064,1728.471662754797,1,3021.141309704461
65.05486716109169,4158.794028569917,4,3411.801552568006
47.764005618501095,3634.8311020035044,3,2566.8868192151094
32.29578905510417,2992.782865812556,2,1753.3714985849263
42.03754107861354,3221.454203750525,3,2177.2156712464543
78.20614994179321,3876.8071130890553,3,3973.7345666620668
11.295413976678027,1913.8189653251948,3,528.9394267723329
20.446537645622463,4985.335664226968,1,1267.7193707557597
14.140237781957747,4899.172648587133,4,852.8904325716783
13.665592208707313,3601.3027453877476,1,903.4246773520745
86.99145256099065,1798.1698037165806,4,4352.003622862168
73.32920734420213,3720.912969725165,2,3717.352000608374
52.67564461785927,1288.7936359167034,2,2690.8192935749444
18.805074458590134,1122.6100088232242,3,856.4811920049473
54.24542876051491,2030.7315540448546,4,2674.6094521303708
52.61245937025091,2850.4918269572654,4,2665.6575701729935
25.58816829190137,4473.090021633522,4,1482.8462901659427
49.04664843141757,3908.676279065232,3,2713.262163324408
45.86542609576361,3970.826084799924,3,2432.1487619849863
65.42650882469948,2701.973337792301,2,3337.26427718857
67.15842857808795,2383.7399701878517,1,3473.833709837818
14.077360879484006,2484.155051938411,4,752.4585678648127
43.71513531638241,4950.5982549442315,4,2297.253297288473
66.32739241428128,1160.4367656499298,1,3434.1520267921765
55.28226327220789,4468.125984489794,4,2879.0230007944547
87.08408570694901,3314.7016342895736,3,4454.826521516499
69.28242684570506,2754.461676758362,3,3545.1406387258944
24.664098437328672,3901.030641660546,4,1329.3357844801835
16.351187266038686,2946.675765698811,3,916.8401766103555
67.8177350385684,4493.692952326643,3,3494.708740217406
12.386017948745963,4602.807456045034,4,701.5261825422483
62.7198023146117,2686.883707493822,2,3155.326589456691
94.62072172824618,2107.311188940206,1,4828.376707390331
61.792676008829105,3369.4013143734487,3,3207.0506913357335
44.935293358586975,4649.453382466763,2,2442.125980360281
67.89593965981179,1842.6487560226665,3,3480.6540424590994
51.2427601442365,3491.866334253931,3,2646.451522983069
59.105511038434145,3526.2408803700823,1,3135.0246787198366
94.73183278988726,3932.452089661124,3,4788.629200170454
44.74923740206968,1526.2707405090391,1,2264.420422005216
96.50715074415228,3863.299858728354,1,5023.29941802232
91.48155777604573,4636.130082662564,1,4818.339498472573
27.62120213103668,1718.732435480968,2,1392.2983809426735
16.24251707876489,1950.1732996955107,4,786.0545563301167
19.070020123968398,4885.580376166558,2,1061.8863376727072
11.639964308639476,1723.907810837959,4,530.3421459335412
18.499866468033556,4417.540373478317,4,1070.389500251583
71.47060960747211,2969.111425792139,1,3720.7463024685408
16.40697836142061,1988.9242976127082,3,854.8284190207264
38.70780672643852,4482.999605090045,1,2132.0290009354762
86.03877798725091,2781.221020010662,3,4351.353108294487
12.094474216224327,3059.2694157187607,4,604.6711246234821
83.30216343300422,2436.933477599063,1,4291.896266540291
35.36692972960599,3371.80340573971,3,1867.9853039867546
20.634834485949064,1654.0954903400911,2,1079.0474412140977
72.70634488277355,2564.3261466070426,3,3647.2318093356507
66.60485621018955,4877.6492893411505,1,3436.458128982973
88.97248121743476,2032.5337308045102,2,4545.108382999649
76.15639394234972,3626.9466581651686,3,3875.2251572253244
82.31328373463637,2300.7602568987795,3,4097.563411374601
35.38311153141758,4093.8925027464024,3,1918.524147303899
25.969558940175055,1523.4946428733992,3,1265.0520471564662
77.55532764767725,4879.284180314178,3,4084.7274106019017
82.61512653405376,2815.158165534557,2,4242.364532458251
99.1454627800606,1944.2018533858559,4,4968.661697832346
47.135590922028385,1293.9869893200507,2,2293.181110007395
43.481627721350485,1679.031620350163,2,2258.6301663543522
79.87716646677971,3079.0957942240707,2,4100.8756396118815
40.672318622771606,2348.012705725145,4,2012.5527094625274
93.76815930432082,4315.533463530438,1,4881.3540617596755
87.25714766587106,2723.550094647224,4,4290.223126380997
48.609462463751655,1994.8570903505197,2,2490.648618279142
77.57839610123476,3468.57994641612,3,3910.88022697344
77.90885866762142,3827.108867541783,3,3929.1648624659833
19.281148195233936,1668.1676316037995,2,911.3478320309923
91.229761601161,1670.4768651532706,3,4610.64634206521
55.472713520307146,1146.685707734172,2,2739.506791717426
84.38117194969675,3945.608060262562,3,4403.02538599379
38.804464092755055,3655.21811048722,4,1976.1940370094987
90.59709056465805,2898.5235029992555,1,4559.412805503218
45.02815108607468,4376.681795876788,1,2384.41542210014
10.975388633226853,4222.680611800213,4,701.6940432517002
91.48437787773373,3341.417457587009,4,4613.494857869204
18.21580091075202,4473.085122053035,2,1047.0299368157225
38.73822738313734,1823.364840147073,2,1976.08052245686
95.50557703457244,1447.6784775909114,2,4812.751912416545
95.55464322438004,2078.9984460679584,3,4847.552024317523
61.60940993109575,1228.3474243572593,2,3154.312829267297
66.86534909528194,3124.6781120041283,4,3361.5129280748497
50.36009697804878,4746.422769179846,1,2659.023603057329
36.388969452825805,1157.3741626740386,3,1766.6439227188282
39.57980908329243,1488.4396560401071,2,2006.4264622957712
70.52666104693346,2808.796113133741,3,3528.5849116928293
77.7137076493912,4735.50007011162,3,3984.602840230388
81.24211393532637,2264.624419907002,2,4132.526311839163
81.06563285150985,3028.9392347535695,3,4112.295986734648
18.208549274382133,1166.2914362015683,1,940.3818852997643
54.49782742323233,1593.3728038483555,4,2646.6352446190303
15.180288401497986,4946.5204918353875,4,874.8204089563803
59.4575994091362,4860.474785744182,1,3139.692052530604
49.73774512360393,1019.7599237376385,3,2492.3851729233174
89.89337644824698,4807.247141692956,2,4726.7936462331845
41.58235112968708,3556.4797512620016,3,2074.63215093555
20.536031478484528,4471.673178080088,1,1173.9096898186106
22.869251384755227,2818.9594225354367,3,1119.584077610029
78.5359568545725,3062.384114317001,4,3927.4158517241303
65.6396256984635,2955.3863210276804,3,3335.5787024850415
19.101040851051124,3667.4570301844174,1,1035.9426330768506
17.569612550349767,1558.6050190252517,4,790.3178878124852
73.08722183132079,1119.8943594907118,3,3570.1579409365
16.548670572777418,2231.719766364764,3,859.3828834270563
83.96740533613206,3818.7230509465867,4,4272.773636205746
73.56180044408467,1807.4138084917936,2,3672.3738349619603
17.32139025777098,3693.729733299669,4,939.5970431605025
17.635394267667273,4879.648184429082,2,1038.4181183754545
98.7975620651058,1375.6028631576735,1,4965.075490896871
43.68437161805083,3690.4084729005053,1,2422.411609062494
43.357793236020186,2775.0008772182846,4,2253.6627582514407
83.15196105317523,4472.569017510021,4,4196.247441687881
95.25237196454728,1708.5991577895436,1,4859.535177010799
98.74009574405838,3770.503808904658,2,5106.099805372731
77.80403667330475,4352.461158592441,1,4020.411727157229
43.86336269778242,4778.456877896093,4,2353.0298609716688
17.51506450288019,3732.9921131585834,1,1109.2994267225663
79.94322243346932,2988.699056033709,4,3970.4688341629303
60.256382476222456,3471.3889608048553,4,3020.513430800652
48.17998083222786,4475.619937914873,1,2653.663111849312
91.57189465852623,3282.438986555319,2,4696.29144779536
20.00777340755362,1121.5482387873474,3,994.0398960790245
54.336259386177325,4723.794782027911,1,2940.0321692302864
11.021828029067716,3758.1070041262446,3,668.5315477061054
52.17945777947136,3706.053543108986,1,2697.951959713463
15.067294811365361,1862.7006095908687,3,808.8656563788838
20.693612464126474,3635.541880930629,2,1214.9372168742436
20.577362209939437,2575.4576226166337,2,1086.171454424402
68.42892719044572,3604.9319081659683,1,3569.5191074398913
77.1440391338881,1426.3721212319629,4,3731.965187628217
62.503188858744366,3631.3812184121443,3,3242.4412416587174
96.59552936270877,4997.654903082666,4,4988.262085375279
43.73835215713336,1192.8481554422242,4,2123.4504647788135
35.714087765367466,4908.696736885269,4,1967.3568931061618
88.17392153705143,2627.6318428914824,2,4463.373807448148
30.123625466750738,4483.013801349036,1,1728.5622596996686
96.69002854965501,4129.541936233094,1,4959.9953073598
11.09390272208347,3268.0650439466713,2,656.9207807577952
97.28909440368751,3953.796837005306,2,4993.4268491395
13.884392075551851,4514.062245205392,1,901.1881121399092
90.2028802328264,2616.561286604132,4,4502.495729529859
57.49309981776699,2308.132646252955,3,2893.4879934174137
99.36683165073703,3670.3735422543386,3,5103.162618221644
16.641690826185897,4231.3837677650345,3,931.8155178356358
59.846885596118874,4049.140539106463,4,2994.472451724333
97.2372282057189,4191.254595434538,1,5128.9033352679435
57.078805975313394,2742.3332592517318,2,3000.1296656627806
66.64587743217362,4271.336864700086,1,3451.2475800884044
72.61738200861555,1480.8362214824338,4,3619.396301767159
50.90869582909959,3177.9563918433983,2,2619.183872519582
66.48022720756572,1023.0346419924863,4,3268.3374532444636
62.58828807307902,2298.343319601081,3,3169.0427760846796
91.10422094418901,2465.8461394855913,3,4576.782964167913
14.090174230731208,2584.6907664370215,4,674.5549665790917
35.28668706330073,3781.868826759449,2,1858.9007418871963
95.53703356689029,2554.232405081383,2,4798.7537028245215
90.12374055018248,2794.774490490123,1,4574.334641622108
51.009107750714165,1950.17652349731,3,2554.6052992081063
65.8119338021383,2493.00716651736,1,3349.459048977246
34.96430646830194,1909.078509052606,1,1847.7718521533584
26.930904375138518,1292.7836950737747,4,1365.546711277411
51.7328564445984,3413.7943735255117,4,2608.3298788376937
41.80170052234475,3672.851194220065,1,2255.6978108550097
62.529050066578485,3477.961384038458,3,3235.3348280459936
16.996117326848633,2853.9761752022896,4,896.10478864851
97.69553268995499,2519.143120716919,1,4984.5315539294
98.75896700316426,4453.334598287302,1,5167.749200990564
72.83455426177707,3076.3271405448722,1,3789.65651775013
58.24867297097084,2916.7275105189237,1,2966.3869029581233
37.8574854657695,1102.5682632257428,1,1961.4604896692258
83.24155177362537,2364.9913105046253,1,4294.691696069837
71.62580552984913,2520.782475143428,4,3549.165095040699
24.63552454104022,2595.2911235876018,3,1273.4376750037711
91.98344660444582,3320.689476909329,1,4769.3732537083115
84.0283518630852,3134.410186907514,2,4287.672411520668
95.48199219627317,3431.6203711737785,4,4879.329530760648
75.3147557549524,4059.533046168513,4,3966.908064787014
65.20736763422109,4251.942954864374,1,3403.6662278225235
47.6418732661557,3872.4923049059776,4,2386.666048395395
93.94556350186119,4822.094783819739,1,4923.57384406429
87.94575005503675,1072.9303307054465,3,4397.012144543417
14.069680309557047,1783.1119427341844,3,691.0962939223232
12.37302770475268,1030.2514999125685,4,622.8269933993142
43.881703019024464,3589.898856618412,4,2186.6498037959814
82.94979977036496,4592.122195799948,2,4351.742029459826
98.854851638345,1973.9291863051972,4,4891.146000194564
23.537520199317537,4708.138179185226,2,1438.251814235503
63.47176438169216,1241.0695611582435,3,3245.2674648009265
44.28017709679194,4737.744107222057,3,2322.563230811533
97.29229580331429,2406.4907489585376,1,4927.461470818212
85.79070308221378,1405.683313796866,3,4312.798714149523
85.44958342400241,2943.4870367453022,2,4340.29699054791
52.18238438154732,2027.1062708820318,4,2588.203971724856
47.33375521038987,2139.4916078476913,1,2444.9317619389985
34.60663647376356,2229.159859705146,2,1685.8061588635524
15.073794698583441,4212.103591330653,4,843.603027190993
87.82501386295479,3156.645106701018,1,4484.596559779581
83.16109082170698,2245.2307966240146,3,4155.659939796562
99.97459059575175,3441.3351332436737,2,5182.977886623212
99.69731533665149,3864.6026968927745,4,4995.27055696325
59.988853504236474,2090.496002934135,1,3114.627734695929
79.20886736624594,2654.196406101406,1,4049.205042100777
95.02891568941853,1487.5443733477903,3,4721.834994713524
86.46826516096704,1724.5973981387212,4,4329.161722757874
32.26132915688779,3724.4714158599313,3,1726.2925933658305
50.54897217790842,1725.7533907825077,3,2552.266928295523
21.62434736363455,3100.653534668241,4,1164.6592779417824
95.86459245328501,3836.1850468897305,4,4848.473455849571
64.5557171005792,1427.5076923789752,4,3148.5494029225215
30.577852495311646,3269.2488785156143,2,1578.097542363473
70.4530615965271,2026.251134805455,4,3462.69511006768
65.63154164121062,4851.707500950319,1,3641.6171783734826
42.23464462295564,2934.1825868796986,3,2230.675339528606
20.220183297966614,4223.970199100632,2,1094.6539565429612
70.44158760335196,3200.906168625047,4,3496.0017907616716
56.827693081341394,1173.6501314192767,2,2864.1604637239584
79.50865525620753,3532.6055023760896,4,4059.426277798079
56.814715100079404,4805.613368826628,2,3048.4606152111696
86.69633502866861,3406.4472805853247,3,4402.391325785013
59.6716154897037,4276.755437707161,3,3101.145833370398
60.484417438184764,4536.825853393631,1,3237.4561407868878
88.89882423925106,1912.31908779573,1,4514.8518166670065
46.31345795911573,1848.1793596329067,4,2177.116847300055
22.061370560557666,3443.923955403967,3,1173.774744269322
12.590440868200508,2644.113879226819,2,659.1574156583507
77.9623530106257,4359.445211466882,2,4064.850482050055
65.82785962181183,4600.092493592045,2,3610.6605559003638
73.36717912893012,2413.6855172108726,1,3777.417315580765
29.166774535801967,1947.4822358979281,2,1480.0363542763748
22.27343280280928,4122.102060975447,1,1335.866818288099
11.309019910109374,2099.2241421925446,1,664.5465969755566
41.55288029259373,4290.457274054714,4,2193.171602855014
63.09259181691698,2694.953014595051,2,3259.7197712363845
45.30196405897591,3670.1995971658816,2,2491.435361048567
49.37274298213561,1382.1412553386726,3,2391.1997901074187
91.37428250443736,3495.437298706292,4,4647.167593997755
41.34299203209703,2807.0707149489162,3,2071.18408085322
56.25905402438297,3346.4338527018963,4,2888.0500261713555
80.52877114670288,1672.0568309794537,2,4004.1070733098118
45.68885040891431,3947.4949797767285,1,2430.948928754298
65.98780302050861,4451.1883101729145,1,3477.1950708221807
87.61273378720706,1866.9592003631026,1,4492.7754853457445
95.45685612918778,1382.858222080647,1,4857.908439760542
23.236613283613416,1094.5543441853456,1,1124.2725125676188
93.3928862645345,3567.886001773064,3,4760.785318865371
54.29046637715844,3428.376144355123,4,2730.4631333382194
33.24199494690625,3186.78965085628,2,1698.51398435436
51.322218061443515,1927.7883844639018,3,2561.6494697741523
98.20293177569293,2563.6239836220584,4,4902.903648542958
54.33562845935826,3377.9053407446922,1,2977.0125143224236
39.587644925875736,2987.0674354366774,4,2030.3836093336554
67.00607688850532,4951.142080859549,4,3408.980073430532
31.613105690037376,1545.7590102269326,1,1599.7045348046686
16.827699529779753,3780.5782161903753,1,1051.4830520699766
21.59917497195843,2617.2750724171683,1,1285.2446408622761
21.524125506199518,2712.798459702459,2,1072.5470326832008
23.67124241610649,3870.391062632705,1,1253.0854546800078
22.49444553844691,3769.7446052974788,2,1346.7577659558087
67.67872703228932,4965.023974808753,1,3621.668259223449
26.369207595923033,1513.5771578165009,2,1290.7246010931583
41.11005549914769,1416.4385975366654,4,2033.0561591403396
90.71095689154106,3897.355268514965,3,4508.628221051958
52.65654762365851,3313.5476680256365,4,2678.6735399140653
70.08019646689245,2096.642666239223,4,3505.233015298738
25.508788408146685,1317.6774759559464,1,1357.536801182023
27.30601169278037,1342.6329983857222,2,1321.7374369436777
13.678175463983099,4576.7634986564735,3,827.0313062021465
25.204155676494807,1767.4692988749716,1,1272.3100174655094
35.073130512876276,2293.486248462083,1,1851.1000258506338
25.93094358490721,1906.625608907952,1,1317.111143572607
17.983228038135003,2419.9852233277493,4,879.7556211151266
20.857228399054073,1277.6953709843735,2,996.955418762411
51.47008912294532,3076.2391636330813,2,2699.873226420103
28.570034656521326,1270.4502543688595,3,1444.9468013773426
42.78428749432679,4201.426031289446,2,2277.554647782941
55.30755437693712,1934.848327641732,2,2804.032034976944
72.13553457664287,3160.0476584180424,1,3662.349541021368
13.538092585698905,4520.316350245833,1,857.9366143968975
81.94693590181384,3603.5094761887767,4,4155.012038048044
66.51103505418169,3131.831146205341,1,3583.1829645708503
17.35831287539847,2297.3350124615026,1,897.1840431042906
88.62207616960995,2332.0076522327918,1,4590.913053029759
92.87851604786319,3677.9478207927605,1,4847.666132106088
15.497016386937737,4976.55744488467,4,917.7105118156272
34.918988333248336,3647.3567593975145,1,1986.2482788420493
82.55811518137551,3231.1336694801,3,4218.067716173123
77.34337213452925,3922.602040956984,3,3992.7566685577076
26.60689174207396,2860.822449134873,3,1380.7296769095642
28.841439100303926,1240.569370403141,3,1475.2788676562848
43.34248925122438,3249.1872635116392,1,2354.407287427345
53.60706866719192,4830.501138021521,3,2800.594625885861
65.64292943772664,1701.2117694306385,1,3271.2447006279253
43.202227561279514,3760.019563282663,4,2217.963324358326
51.62812445198331,1803.734754636226,3,2541.5910321110946
77.2723844320381,3143.310737892325,2,3957.6085297657532
13.30148826015381,1386.7057985868785,3,706.2816096712414
32.719324990961866,2801.4837450327404,3,1663.175354045391
74.20146272960972,4024.6533155809843,1,3879.1646331939564
90.56861539184794,2390.2860969559283,3,4560.846211180614
56.05096979040995,3659.6468979488723,2,2967.9523785282054
57.89021367387841,4181.799843158917,1,2961.2562091526356
19.645481020579844,4708.711277917811,1,1157.374600186618
50.26711301411092,1938.568327421814,4,2500.8482516906106
57.935553980952086,2597.2636632372323,4,2966.6448300308093
31.82234532712567,1609.6640533216696,3,1557.005346647057
34.231890785444286,4969.934008633501,4,1746.2636044017954
43.95557467941604,4708.003871697181,4,2344.164499853968
11.806407799995373,3159.8285211222383,4,596.5436966145991
38.987124902486045,4368.133177505685,1,2078.279571045068
29.03032062968902,3083.8319090881687,1,1544.4903574531982
39.47476169601232,3494.342752011039,1,2109.2289545183758
20.778591863732608,1356.4977284640665,4,956.517246382923
90.14745526659054,4021.0816819872316,1,4568.1485445739345
63.42332081986438,1510.8539345409392,4,3171.5620475646224
71.11920872300406,4304.270521010114,1,3804.917714264645
81.02541147466044,4128.112350681544,1,4260.252290834074
54.85979790361515,3834.9787909719057,2,2817.8545512081123
17.82282592786813,1144.6415220990484,3,848.298795800983
58.3395887636693,2212.5134237813145,4,2907.2790436110577
62.815700621879124,2052.4502796433717,2,3213.34726455422
77.0895526765897,2440.5456298860763,1,3979.9219397596926
48.84935916067114,1350.5709870553542,4,2353.2878174474
21.48222725160074,4747.8312921242505,1,1285.6027050069276
35.539831521885205,3215.208962849505,3,1870.6160444674974
42.67740667587716,2222.097242632094,2,2257.766312032801
68.13255171984412,2587.9260682971335,3,3481.249216398299
61.37004742020207,2788.810162019343,2,3187.395713479847
42.048705330806165,3402.377333442469,1,2246.7454646088995
98.78637239136818,3062.717710785991,3,5072.977462367882
64.51973374211985,4677.567892857669,3,3390.353221546851
31.350411256239504,2987.853931623321,1,1643.8588638844628
19.160422535836336,4968.632059293251,3,1186.621228262739
23.75732252658988,4405.699830980383,4,1323.0462815054648
32.136195554605735,1834.0420574293432,2,1616.3596795453298
24.46132359336001,4722.380858575665,2,1375.2105742268218
26.79103216461752,1465.4655915419044,2,1367.6536650650094
35.65856518244624,4269.798833964766,4,1899.5774405839295
25.603623576527934,2522.4931739063204,2,1356.170450803273
90.70888821637827,4511.897281780279,1,4746.604708580072
17.2210371095478,4472.226760429801,3,1079.6610622276992
57.20602506132292,4223.701600470485,4,3005.0634907014146
46.935714429069535,4160.121745228245,2,2504.32358827814
98.41407552177458,2218.716556392163,1,5048.70513294671
20.08350119512471,1323.6771322050088,3,928.732721190109
45.80700391411675,2611.9207150606458,3,2350.84258395621
97.2523389947832,1694.0980599460347,4,4917.787170223117
87.89564133045822,3779.804355609847,4,4452.869989533785
83.5364863854352,2384.398906151142,4,4133.662568148363
33.211254434044584,4902.44080343966,1,1843.0803174445591
25.379882865105923,3563.888309381328,1,1362.7069068572432
70.17788979319879,4289.922254537443,4,3564.152506980426
93.64383902148272,1530.0986909673938,2,4680.171480693004
60.10866037125368,4448.05792909049,3,3067.5575640582765
61.44514205229099,4691.028762053577,3,3217.5894574147087
35.19811842942558,2948.247675275744,1,1922.4321639243983
79.25436398727432,3425.01175100391,3,3998.5809779065657
26.833937370177104,4059.239203611982,2,1560.6230248715428
39.131131276381936,1699.35450904165,3,1977.063893697559
48.28927947547751,3010.2643058537697,1,2586.5062183477667
55.68493408160095,2594.6521110892527,1,2851.0875819419034
31.816875917357223,1585.4959686489965,2,1652.8448556536418
20.335314226528318,2470.1376891661257,2,1025.6759007649566
64.95580381974693,1272.6892375419743,3,3265.937027906271
35.97674979162302,1103.2476277979479,3,1772.591837960725
62.31143992803511,1540.6651566192909,1,3190.267815231959
23.892644374678206,4852.460446356696,2,1318.4755107705025
53.30260916693357,3198.1181435800677,2,2720.2828734118516
57.93304892964273,4863.28864461288,2,3109.6782896254495
14.664118314018422,2729.9915133205277,3,732.2880911557374
40.294385037452855,2247.2645323410384,2,2090.242793094651
22.09732092450768,3024.5674513609765,1,1157.7375284704206
15.703747342549097,2758.0467545316405,1,935.4984154873703
99.09642091509507,1422.6587370469756,3,4874.327816868676
39.01184604772507,3563.305258760825,4,2036.372562208271
82.88870012691714,1864.1527300383984,3,4178.9241895300775
32.917658928738746,3478.3518195913184,4,1664.9619464950244
71.33524500015363,3600.8043695926135,2,3715.903796841549
78.42050739007179,1608.0994125145926,3,3924.4524532959967
63.60748665470599,1245.3985084426727,1,3185.7021653477964
52.441856969514255,4123.046344273759,2,2717.8174314855905
47.06568227325417,2839.2016950772804,1,2367.1129138329434
41.39814398886958,1232.655182021903,2,2089.0224609095585
93.65762298230433,4979.465268679069,3,4763.6142739810675
84.75574670089563,1231.1222439854666,4,4184.110657216121
96.85242195998613,3780.1409154342127,2,4958.455732966904
21.186750113699027,4934.715701053654,4,1220.0304295095439
75.77807276832799,1956.7204168637024,2,3811.637384285091
94.45064111389341,1568.9974747487847,1,4754.509540114755
26.310975954909413,1485.5397576897155,1,1396.4193208443712
15.984664063009975,2213.100590270382,2,866.6411341182238
76.70085843610532,1404.1832440425867,4,3801.0598818665344
61.70258018619207,3768.6453667765277,3,3207.024657138856
85.76458990824449,1249.1671925202509,3,4183.9092488778815
22.579513896366056,3037.688512599159,1,1288.6995544476097
81.57405806739011,4986.787415411907,3,4268.665713840781
28.14645880429701,4255.881078024075,1,1539.2828376872294
24.729034857913405,3460.8777529240438,3,1307.2916068581621
24.783921813789362,2225.0144831464468,2,1288.481450465409
83.3117248208244,3495.583345166554,1,4303.640569079462
69.867749862658,3108.1658556466064,1,3635.488784243657
57.07588822922074,2704.333535561486,2,3000.57942733067
42.29474357111523,1522.841506960798,1,2214.9675902874424
88.94804867317974,4546.416860961866,3,4519.11231703551
45.32005966803718,2799.1385952852897,3,2347.0634126814257
83.49394955244193,1778.4900472830602,1,4300.068645963021
49.52214177131966,2471.037403509158,3,2528.999384775901
43.92499864824168,2656.519010115708,4,2263.624904177168
51.64118071026458,4310.151582267497,1,2868.1801369116424
37.12400867477279,3934.4575222456083,2,2044.1087871562688
77.2848442158626,4077.2195745653594,4,3960.568619303485
55.24483510832312,1044.1250577145888,1,2836.702432006123
30.89914256321356,2664.615992719046,2,1625.4323194514748
90.96171159471116,2925.3766065412947,3,4605.54956222687
44.55020992358903,1076.7691072922266,2,2203.778239758376
58.919757500258974,2039.2528349801369,4,3006.121184703561
91.58248998680922,4041.15929248854,3,4650.261030667787
66.18141963225929,1548.4388229159963,1,3433.1113089926703
20.520823663752765,3141.2405258103668,3,1118.096415665175
94.58489112521276,1860.80748806895,1,4722.319621923988
66.4937247764276,1048.4830985755732,1,3365.4928583997294
40.14150531913775,1964.8058303981659,2,1940.3142320942145
22.53448653970485,4903.495019640215,2,1343.174478808805
81.46226703432664,4206.1484475319585,2,4267.682348242379
65.80654803356622,4838.306577284134,4,3382.6249327599144
58.01149827786894,2951.41617570545,4,2934.323107476499
90.45033247458619,1438.944794710014,2,4632.171735152324
80.97374901020777,3191.8379558947718,4,4062.9920130920304
23.650739175947606,2817.5093382398436,3,1180.4670463565424
38.05498610159934,4377.428330958464,3,2105.70389175102
32.36402258330192,1392.3303231369782,4,1665.9470048484845
76.95516633154092,2952.9645480871127,4,3875.591327573794
13.017919126220145,1600.1946587759371,3,691.4788410202219
61.29007163841849,2298.70370756024,1,3216.5125630754806
78.62128171666215,3949.4283095511987,3,4001.4112896837482
88.90890730855745,2904.072517475066,3,4476.383699533232
40.78735738443167,2503.553140583077,4,2106.089251908474
83.91315742048116,2577.9051142801413,3,4318.80384067349
19.95685632596865,2837.7870736239465,4,1047.8762129883476
86.18070625610663,4140.066175348227,4,4352.047903897639
21.47397960987842,4568.338755760938,2,1341.46897386694
45.755856150433054,4821.338746015714,3,2412.3111999318403
81.75658292015983,4147.6135450211805,1,4248.452934200478
23.492568461389638,2261.627582992051,2,1244.8266939435655
30.632625570937734,3752.5388243461684,4,1676.966240799934
75.00273115537597,2750.4124962215674,4,3810.355981407488
74.80328828914669,2018.6824881842047,1,3831.8418138846405
67.70328695967676,4363.4863177036905,4,3506.503090374928
72.455360002039,1153.7053958493,3,3592.629003326588
58.84519990128366,4607.047968541694,2,3140.519369217193
32.66191530162575,2845.909858498937,4,1528.9132541215188
41.112639415352746,3548.8059072331216,4,2098.241893175803
26.34379451212831,3637.415688823131,1,1481.126606793411
91.76055052002656,4580.470962826145,3,4669.50036996166
62.50526152895084,3546.678728668829,4,3201.9131787715614
46.07662750872759,3455.734339040247,1,2436.3945313390855
51.58052232797194,1266.6081622427598,4,2610.130309426509
95.25550056506339,3073.632087780816,1,4965.107618902954
23.801626280447216,1600.6760032681666,1,1216.8248357298612
62.76068488151175,3949.735074885942,3,3237.97911224155
55.52998109960194,3048.887683250698,4,2805.246060862212
65.0308811891183,3720.9111168334134,3,3325.0066414896046
11.629916543875646,1166.6916024095372,1,619.5816565156656
88.49115180497364,1339.168064183213,2,4393.601890013463
93.89064542352511,3865.293552250729,4,4711.266182041916
60.861986523028804,1288.3373439946936,2,3078.6517545461884
72.6985741489203,1285.0269110610343,4,3610.656532210157
93.02494430595661,1048.4339009395499,3,4573.453122361809
73.65147708820587,4826.0055931979205,3,3878.6419056083196
23.72851386228352,3950.0334378360276,3,1262.3484785477108
61.86595241501318,2413.0056340082565,3,3136.606164352971
64.60435417445703,2186.142325150621,3,3290.5420256110056
48.17176041721474,2398.812918983398,2,2466.848038574721
76.27998120622506,4098.614124724727,3,3951.666812154546
94.09303132921134,3645.4824442816575,1,4831.104206480271
93.30116616160987,1740.7822714698718,1,4712.274092482582
50.57554342637189,1696.4373413363373,2,2543.3060668413946
20.19142412566797,1393.5825988535894,4,921.9214188990662
98.63570790661011,3641.2108788053524,1,5075.007231114984
85.50082778013407,4057.4906488869437,4,4280.485006507864
21.219641308294015,2060.185713300016,2,1079.4336637225965
92.87576943556351,1083.7798441236512,4,4563.7336893158745
88.29067258559155,1328.6866699057093,4,4348.158975150094
56.69542514134649,4871.440139380122,4,2946.268391742791
63.21478921704363,2181.779109909681,4,3146.7402063546597
45.910243348311724,4076.8925913525345,2,2463.328872887516
14.928547493982819,3498.654275417055,1,935.0859421766198
40.16775174813108,2527.758558611584,3,2012.2872539947198
82.25681037382103,1822.7490487822206,4,4023.8179283607055
10.416882070414257,1485.5456726376258,1,513.0191665404388
40.014925452202974,3460.0518721554663,1,2119.3887201581756
45.8351824231849,4098.535122551151,2,2419.089811395977
58.36560426441306,3575.6170141645225,1,3028.561260619006
92.78700547714844,3121.208532996633,2,4670.604867294758
41.17113949293651,1167.804893726545,4,1974.1411779594432
41.22578817066049,4873.955110377536,4,2194.0584950576
76.37511232987735,4194.856766618299,3,3968.249928116561
50.69961468008265,2171.288146803859,3,2525.6739886889095
30.214434064598375,4919.881317435403,3,1646.0658779945172
50.7195564519424,3407.5263585452885,1,2630.019225082019
22.677131834181985,3329.690632828986,4,1178.76916483181
25.874828785560098,3992.2927177181286,2,1390.9346434543706
54.853099546553175,4247.07915236055,3,2893.665325607746
47.70329045540931,3625.9144293260106,2,2417.1669196400603
92.33613109612901,1512.3829854648002,2,4614.444220457067
42.61545092049698,2353.0700239779935,3,2173.4814141833363
62.25295152502391,4712.334561304198,4,3237.4560301325305
66.90378591275774,1898.4624473754077,3,3484.764101205682
11.178501092950027,2488.6680953500536,2,640.8484606433994
69.71836348150396,2728.307531776784,3,3482.1308208219366
26.02323701827763,2757.6199587778087,2,1374.2696364983185
96.49632857225096,3451.758329978102,2,4848.592028438132
23.379645497780167,4772.303350978831,3,1313.5674549731118
47.316171135432135,1962.77084733002,1,2392.2942962880697
17.681470127077947,1486.0055052036723,3,914.1432953920892
99.71868266613527,1789.8819594397492,1,5017.9512175489745
55.19755092981183,4547.699600837078,2,2921.424230742683
63.58465155880394,3583.2432506208243,2,3266.616848401018
16.036882964958473,2143.6271569566406,1,965.9680736884222
77.496442335926,4263.787755874469,2,4011.9493662841282
28.891503378602717,4445.479985453744,1,1728.477020376783
90.82488604966424,4386.057354761112,1,4771.254758327181
28.462567643380645,4675.706134558218,2,1621.0170252637124
27.16189485972999,2008.9640806934462,4,1356.9796043870479
13.28947010632854,4020.167714985113,1,855.1717559764953
52.48602505989993,2842.15798909656,3,2580.025523482544
60.83570199363548,4367.994211560246,3,3156.240640552249
15.913777548551714,3913.962708646453,2,973.6449114191244
79.79748550255096,4105.789785998899,4,4072.718905253787
50.795995127322485,3624.647350724286,2,2590.77263156216
57.195124239482205,1709.7150778788275,4,2822.621743339178
49.668647224440534,3180.1076755877534,1,2697.643020814189
46.06867547877934,4938.678958098033,1,2582.712307620605
60.36762981773961,4749.5522659884755,1,3222.7589037181033
23.971622133764125,1172.6949431880466,1,1274.788317700513
26.3735317445744,1659.2592629177484,3,1293.3141993562049
87.56070589121656,1526.9150938182477,3,4279.187469910404
95.15039159202695,3903.919639941182,2,4846.492262191929
43.597838465177766,4271.14131942778,4,2351.5934276556873
34.367020582919835,1854.0454652426877,1,1767.353648316661
67.95995889151142,3023.410771807316,1,3506.9992841971857
46.78607539882868,4362.8121120447995,4,2422.4524657299303
12.284772009431038,3931.2061790650023,4,786.0057389034523
24.053733762957133,3168.948821967393,2,1382.4320750143293
74.43750059626578,3361.390761835092,4,3880.8835795774503
69.30315477191363,3033.44218766512,1,3578.8775874589346
12.438639325313513,2190.193805275282,1,716.2228809667946
29.97749457396545,3260.0879714360644,1,1556.0469997990363
30.796731692926425,3755.5412082003627,1,1771.460366362253
70.47034692388556,4493.291663443231,1,3659.792951803043
11.773948397892774,3545.1654159169925,2,716.7944688786197
19.369772378611646,4044.486148172632,1,1085.8477999575716
81.99244768358705,1640.286539818292,2,4092.193369833333
26.069019584890025,2846.22989767916,1,1373.8993525759743
68.74714970666872,1037.326479308373,3,3368.830046265064
31.436450294205386,1986.7154580864922,3,1554.202152457145
18.949725348341065,3905.8468604520194,3,1025.3651706934004
31.88549718995087,4967.239805397454,3,1794.3035453564314
75.00402386700932,1396.7123983488636,2,3704.7936736147835
87.01268212956572,2605.977263445153,2,4431.960041001236
84.71978781102925,4200.283874796638,4,4386.901541906573
45.74651766566093,1816.1425385155953,1,2322.4731919831565
70.12766229135815,3220.3397972091448,3,3541.5041598909843
28.448586587423886,3932.2851841186994,2,1547.5173573181169
36.383295723491194,3463.941801040716,1,2021.348136644631
90.67022366690078,1752.0989384616646,1,4600.82151181579
11.170173115966243,2421.5382747429576,2,593.0248548050802
17.695767776902127,4135.167137941589,3,1025.7405783015877
28.70976296314246,3216.9060565280665,4,1421.2188434917052
12.387898348643773,1020.918454171651,1,674.5088156629187
26.329189158081757,4043.9630401123754,4,1419.0879752947951
62.473740487272295,1141.2454197609563,3,3075.358871794718
47.92820955332481,3982.9351309249287,3,2463.6279442901255
90.34045399692774,1809.9222406609497,4,4443.184765765262
83.56992055645968,4832.293920477521,3,4356.851590664155
40.76356165280884,2471.7630052083377,1,2193.215258025312
33.34810900881632,2307.726465352316,4,1630.9263863569922
44.17231673505402,1595.5522013297787,3,2221.3127819967644
63.1265448263327,2222.4168619608595,4,3043.0967334845745
34.125727674058865,4506.603047312802,1,1872.3856495357234
66.17340170642206,4985.337350508989,3,3466.384006203007
46.84704869721164,2473.2381220273933,1,2390.53017011286
59.68424627667822,2794.4425238181702,3,2987.10912128534
49.2513876221785,3888.283752810948,2,2563.594590926028
36.50191835877259,4544.783121860299,3,1976.9447104479632
95.3607976265941,3372.1773367471365,4,4807.282297246743
78.72452147437848,2566.1027927113173,3,3862.6196516882414
22.61018581898073,2650.487363394495,1,1126.998651487008
88.16211783081215,3782.4725859872274,1,4536.88626194711
53.86880784245623,1012.8730544171148,3,2676.9683741463446
90.50970042046822,3478.3573498393625,4,4442.027646379118
81.98697303525837,2421.97204176543,2,4135.46074504361
48.26921540223101,4176.789325108337,4,2475.9878435410965
12.022237748810566,1371.9625592925286,2,679.1269043155771
34.180962344645145,3352.809067793562,1,1827.4374800362923
58.747079319478026,2923.891559544495,4,2982.6979931881724
67.01303978435325,3569.3021036209097,2,3476.1799514030813
33.20989168898821,1259.4143779318733,3,1526.9369793556439
22.54204666655417,3319.9351497125253,1,1301.5094516449217
85.14372131193691,3245.938351838095,3,4340.252808461565
98.5961962633197,3242.640377664684,1,5087.355264032948
57.312116407241724,3413.950666385819,4,3112.6152390031934
25.451135726347317,3705.871748905449,4,1233.644726787709
34.50765938674321,4219.955998723079,1,1992.6156017613698
11.655160889272006,2079.2828805128574,1,642.3498125192255
92.28689259044491,4300.197640720248,1,4813.720956778408
20.597597460112702,2993.0227290538146,4,1057.2553971932637
61.88648279628282,1308.2331165373246,2,3078.523978971105
34.66496986184854,1234.203716975917,3,1676.467032529285
59.87602022642141,2336.953274784243,3,3037.124111838933
68.62783495166778,4139.58790844587,4,3442.512458172099
84.67676233364814,3830.723738963663,3,4372.903262006679
28.577914458454288,4154.459858689626,1,1585.808995612933
10.989624579263243,3069.0762257664373,2,586.4315732994661
22.319706706192655,2760.795991821962,3,1141.5244920009402
91.00167776632946,1589.8101068251358,2,4632.431854500859
88.65010698062638,2312.771014437246,1,4491.377145402369
63.76717919532775,2736.077464695501,3,3253.085513911644
64.0465174390288,1354.401718718469,4,3113.4981441015902
69.853300709163,1882.447810844845,2,3564.683518496573
25.783415076110465,3392.9011762549553,1,1463.091199557781
92.29707513324638,3942.6524569567596,2,4844.4168211749775
47.68934724028658,4993.3900455717985,3,2535.358667017958
44.48246754245477,4732.45332537423,3,2404.178783629345
56.70259347545538,3570.260798140766,4,2898.5460906567546
14.226937009754954,2684.992213176288,1,880.3900502397128
24.965503188047148,3544.709458832931,1,1359.5690129635673
76.42302547837333,4142.606472320927,4,3945.531863178577
17.45188011326138,1473.3447636935493,4,816.5263790419125
64.28368985197494,2639.619558785153,1,3312.9560616825797
32.081419871318886,4359.209142542469,2,1766.6190749154864
45.036605263777886,2535.331807732176,2,2331.2088733968367
35.98243630936299,3287.489084908746,4,1837.684817557489
42.01054448184542,3351.077443448793,2,2218.816755423237
74.71413146658209,1737.9050125345575,1,3871.5077268339414
36.74095440608575,2448.9417666091535,3,1918.767292915506
60.976417626720746,2338.0451549677286,3,3119.180868709269
52.84453619791897,1104.7868341282592,2,2614.6891753011682
69.73040488263834,1096.767055565421,4,3376.896555498772
94.31467653922822,4326.788174703093,4,4859.838263608453
75.93148874892253,2092.2832398912497,4,3824.9909390671787
29.34463407316811,3072.3150649552617,4,1574.4809906937178
12.80648215551562,2194.902294355092,4,599.8701911950742
33.60376398698426,4762.716980461362,2,1846.8466156042641
63.55701376302294,2037.187035463095,3,3107.7358317980297
14.628323213582531,2718.6272509557402,3,757.7239679238698
54.67296224811127,4490.921001938407,2,2948.0226880314563
63.71585640252003,4367.734267167234,4,3260.8547645229532
40.08195017352647,1744.4056713851091,2,2063.34178200562
79.38209833712398,4210.5732391828415,3,4080.1084235154503
19.593842782039463,2832.7475469515707,1,1107.5323678606296
16.762400356222788,2931.875488341421,2,867.329222737427
75.5369880583243,1533.9198896637752,4,3737.8058698810987
54.59421845855786,1322.4060550284985,3,2556.2744271342817
71.95621567849625,3911.7572278950606,3,3694.0538374114662
49.13446047433716,2985.844609421199,3,2434.491592002161
32.17618299151961,2747.4028104607182,3,1716.479015926357
83.71920859067798,3918.032914609587,4,4300.732442902604
81.94742910720814,4062.051595964439,1,4293.807584256933
72.52268237689842,1635.6326706774144,3,3693.9660637367606
34.49306235069665,3440.900597910565,2,1789.2523213891188
63.12076001821784,1541.416329110742,1,3290.4769772622067
42.48765072460241,4005.5003441161825,3,2281.2671316489486
18.242386599397072,3627.820625068558,1,1051.682596862334
92.55822179160185,4826.458484333832,2,4866.015021155931
22.313676782706526,1275.8320654256847,3,1034.1607667860287
95.52136184387221,1228.2188846050174,2,4736.253328347478
50.140519566216014,2128.748298772801,4,2463.0339070874556
